Words,Attributes
dealer,Dealership Services
talking,Dealership Services
care,Dealership Services
service,Dealership Services
warranty,Dealership Services
person,Dealership Services
guy,Dealership Services
help,Dealership Services
show,Dealership Services
company,Dealership Services
maintenance,Dealership Services
dealers,Dealership Services
manufacturers,Dealership Services
manufacturer,Dealership Services
shop,Dealership Services
dealership,Dealership Services
insurance,Dealership Services
marketing,Dealership Services
shopping,Dealership Services
support,Dealership Services
salesman,Dealership Services
dealerships,Dealership Services
salesperson,Dealership Services
showroom,Dealership Services
salesguy,Dealership Services
salesmen,Dealership Services
price,Economic
buy,Economic
sales,Economic
package,Economic
value,Economic
gas,Economic
money,Economic
miles,Economic
mileage,Economic
mpg,Economic
cost,Economic
worth,Economic
pay,Economic
msrp,Economic
fuel,Economic
expensive,Economic
deal,Economic
range,Economic
prices,Economic
spend,Economic
cheap,Economic
mile,Economic
costs,Economic
economy,Economic
afford,Economic
paying,Economic
cheaper,Economic
save,Economic
make,Features and Styling
fwd,Features and Styling
great,Features and Styling
awd,Features and Styling
interior,Features and Styling
manual,Features and Styling
look,Features and Styling
tires,Features and Styling
class,Features and Styling
looks,Features and Styling
pretty,Features and Styling
system,Features and Styling
steering,Features and Styling
seat,Features and Styling
seats,Features and Styling
wheels,Features and Styling
styling,Features and Styling
wheel,Features and Styling
features,Features and Styling
design,Features and Styling
leather,Features and Styling
gear,Features and Styling
equipped,Features and Styling
style,Features and Styling
exterior,Features and Styling
nav,Features and Styling
body,Features and Styling
tire,Features and Styling
brakes,Features and Styling
clutch,Features and Styling
space,Features and Styling
sporty,Features and Styling
engineering,Features and Styling
trunk,Features and Styling
brake,Features and Styling
doors,Features and Styling
like,Feel and Comfort
drive,Feel and Comfort
good,Feel and Comfort
driving,Feel and Comfort
luxury,Feel and Comfort
handling,Feel and Comfort
feel,Feel and Comfort
sport,Feel and Comfort
looking,Feel and Comfort
fun,Feel and Comfort
nice,Feel and Comfort
love,Feel and Comfort
reliability,Feel and Comfort
brand,Feel and Comfort
sports,Feel and Comfort
experience,Feel and Comfort
quality,Feel and Comfort
weight,Feel and Comfort
size,Feel and Comfort
suspension,Feel and Comfort
standard,Feel and Comfort
steer,Feel and Comfort
premium,Feel and Comfort
interesting,Feel and Comfort
enjoy,Feel and Comfort
safety,Feel and Comfort
traction,Feel and Comfort
race,Feel and Comfort
lux,Feel and Comfort
reliable,Feel and Comfort
legacy,Feel and Comfort
smaller,Feel and Comfort
control,Feel and Comfort
looked,Feel and Comfort
powerful,Feel and Comfort
braking,Feel and Comfort
feels,Feel and Comfort
smooth,Feel and Comfort
soft,Feel and Comfort
bigger,Feel and Comfort
free,Feel and Comfort
room,Feel and Comfort
prestige,Feel and Comfort
perfect,Feel and Comfort
comfortable,Feel and Comfort
noise,Feel and Comfort
superior,Feel and Comfort
comfort,Feel and Comfort
balance,Feel and Comfort
conditions,Feel and Comfort
performance,Performance
rwd,Performance
engine,Performance
power,Performance
hp,Performance
torque,Performance
mph,Performance
speed,Performance
transmission,Performance
fast,Performance
faster,Performance
acceleration,Performance
engines,Performance
turbo,Performance
horsepower,Performance
6speed,Performance
motor,Performance
rpm,Performance
perform,Performance
